source_id,label,transformation,original,modified,meaning_changed,justification,BoW,TF-IDF,emb_MiniLM,emb_rubert_tiny2
2210,positive,перестановка,"Хочется лета. Тупо болтаться на улице, пытаясь найти тенек, да чтоб ветерком обдувало, не думать и даже не знать день недели!","Лета хочется. Болтаться тупо на улице, пытаясь тенек найти, да чтоб обдувало ветерком, не думать и не знать даже день недели!",нет,"Переставлены слова внутри словосочетаний; в русском порядок слов свободный, все связи и интонация желания сохранены.",1.0,1.0,0.958,0.9649
2210,positive,парафраз,"Хочется лета. Тупо болтаться на улице, пытаясь найти тенек, да чтоб ветерком обдувало, не думать и даже не знать день недели!","Скорее бы лето! Просто бесцельно гулять по улицам, искать тень, подставлять лицо ветру, ни о чем не размышлять и вообще забыть, какой сегодня день.",нет,"Та же мечта о беззаботном лете, выражена почти полностью другими словами.",0.1703,0.0627,0.8498,0.8327
2210,positive,смысловое изменение,"Хочется лета. Тупо болтаться на улице, пытаясь найти тенек, да чтоб ветерком обдувало, не думать и даже не знать день недели!","Не хочется лета. Тупо болтаться на улице, пытаясь найти тенек, да чтоб ветерком обдувало, не думать и даже не знать день недели!",да,"Добавлено одно отрицание «не»: желание сменилось нежеланием, все перечисление теперь описывает то, чего автор НЕ хочет; тональность из позитивной становится негативной.",0.9851,0.9932,0.9913,0.9843
921,negative,перестановка,"В школе на первых двух уроках хочется спать. На третьем - есть. А на 
остальных просто здохнуть..",На первых двух уроках в школе спать хочется. На третьем - есть. А на остальных просто здохнуть..,нет,"Изменен порядок слов в первом предложении; эллипсис «На третьем - есть» по-прежнему опирается на «хочется», смысл тот же.",1.0,1.0,0.985,0.9949
921,negative,парафраз,"В школе на первых двух уроках хочется спать. На третьем - есть. А на 
остальных просто здохнуть..",Первые два занятия в школе меня клонит в сон. На третьем думаю только о еде. А на оставшихся хочется просто умереть..,нет,Та же жалоба на усталость в школе с гиперболой «умереть»; лексика заменена синонимами.,0.5543,0.3644,0.7853,0.8668
921,negative,смысловое изменение,"В школе на первых двух уроках хочется спать. На третьем - есть. А на 
остальных просто здохнуть..",В школе на первых двух уроках хочется спать. На третьем - есть. А на остальных просто учиться..,да,"Заменено одно ключевое слово «здохнуть» → «учиться»: пропала кульминация жалобы, текст стал ироничным/нейтральным, а не негативным.",0.9545,0.9055,0.9744,0.9889
3812,neutral,перестановка,"Купили ребенку селфи-палку, так он теперь везде ее таскает и фигачит луки. Вроде бы даже завел себе Инстаграм.","Вроде бы даже завел себе Инстаграм. Купили ребенку селфи-палку, так он теперь везде ее таскает и фигачит луки.",нет,"Переставлены предложения. Оба факта сохранены; немного страдает связность (сначала упоминается Инстаграм, потом причина), но смысл не меняется.",1.0,1.0,0.98,0.9864
3812,neutral,парафраз,"Купили ребенку селфи-палку, так он теперь везде ее таскает и фигачит луки. Вроде бы даже завел себе Инстаграм.","Ребенку подарили монопод для селфи, и теперь он повсюду носит его с собой и снимает свои образы. Похоже, он даже зарегистрировался в Инстаграме.",нет,"Та же ситуация пересказана другими словами (селфи-палка → монопод, фигачит луки → снимает образы).",0.3175,0.2097,0.7838,0.8367
3812,neutral,смысловое изменение,"Купили ребенку селфи-палку, так он теперь везде ее таскает и фигачит луки. Вроде бы даже завел себе Инстаграм.","Купили ребенку селфи-палку, так он теперь нигде ее не таскает и не фигачит луки. Вроде бы даже завел себе Инстаграм.",да,"Добавлено отрицание («нигде … не», «не фигачит»): подарок оказался не нужен - факт противоположный исходному; второе предложение теперь звучит противоречиво.",0.8543,0.8879,0.9238,0.9618
