text_key,source_id,label,transform,original,modified,meaning_changed,justification,BoW,TF-IDF,Embeddings
T1,4462,positive,перестановка,"Подруга.
Я не знаю как ты меня
терпишь.
Но спасибо тебе.","Я не знаю как ты меня
терпишь.
Но спасибо тебе.
Подруга.",нет,Переставлены предложения: обращение ушло в конец. Все три части и их связь на месте.,1.0,1.0,0.991
T1,4462,positive,парафраз,"Подруга.
Я не знаю как ты меня
терпишь.
Но спасибо тебе.","Подружка, ума не приложу, как ты меня выносишь. И все же благодарю тебя.",нет,"Те же обращение, самоирония и благодарность, почти все слова заменены.",0.334,0.224,0.914
T1,4462,positive,смена смысла,"Подруга.
Я не знаю как ты меня
терпишь.
Но спасибо тебе.","Подруга.
Я знаю как ты меня
терпишь.
Но спасибо тебе.",да,"Удалено отрицание. Вместо признания, что автора трудно выносить, утверждение знания; союз «но» теряет опору.",0.953,0.973,0.906
T2,1290,negative,перестановка,"ужасно, когда привязываешься к человеку и, как больной, ждешь от него звонка или сообщения, а ему там и без тебя хорошо.","ужасно, когда к человеку привязываешься и ждешь, как больной, от него сообщения или звонка, а ему и без тебя там хорошо.",нет,"Переставлены слова внутри частей, набор слов тот же, ситуация и оценка те же.",1.0,1.0,0.989
T2,1290,negative,парафраз,"ужасно, когда привязываешься к человеку и, как больной, ждешь от него звонка или сообщения, а ему там и без тебя хорошо.","Невыносимо, если прикипел к кому-то и изводишься в ожидании, пока он позвонит или напишет, а он спокойно обходится без тебя.",нет,Та же ситуация безответной привязанности и та же резко негативная оценка.,0.311,0.198,0.805
T2,1290,negative,смена смысла,"ужасно, когда привязываешься к человеку и, как больной, ждешь от него звонка или сообщения, а ему там и без тебя хорошо.","прекрасно, когда привязываешься к человеку и, как больной, ждешь от него звонка или сообщения, а ему там и без тебя хорошо.",да,"Оценка ситуации заменена на противоположную, буквально текст стал одобрением. Ирония возможна, но в тексте нет для нее опоры.",0.957,0.929,0.873
T3,4680,neutral,перестановка,Памятник Илье Муромцу открыли во Владивостоке,Во Владивостоке открыли памятник Илье Муромцу,нет,"Порядок слов изменен, факт тот же.",1.0,1.0,0.981
T3,4680,neutral,парафраз,Памятник Илье Муромцу открыли во Владивостоке,В столице Приморья установили монумент богатырю Илье Муромцу,нет,"Владивосток назван описательно, «памятник» заменен синонимом, событие то же.",0.289,0.262,0.809
T3,4680,neutral,смена смысла,Памятник Илье Муромцу открыли во Владивостоке,Памятник Илье Муромцу не открыли во Владивостоке,да,Добавлено отрицание: событие не произошло.,0.926,0.969,0.946
